{
  "auc_mean": 0.9994397759103641,
  "auc_std": 0.0011204481792717047,
  "f1_mean": 0.9960380504069825,
  "f1_std": 0.004853962774600215
}