{
  "dataset_path": "data/plausibility_training_v3.jsonl",
  "timestamp": "20250915_181638",
  "results": [
    {
      "model_name": "LogisticRegression",
      "val_auc": 0.769651113913409,
      "val_f1": 0.6136363636363636,
      "val_accuracy": 0.66,
      "val_brier": 0.19514007029671793,
      "train_auc": 0.8425878638748316,
      "cv_auc_mean": 0.8049287058797929,
      "cv_auc_std": 0.0354950482641361,
      "training_time": 0.008594274520874023,
      "inference_time": 1.4338493347167969e-05,
      "model_size_mb": 0.0008077621459960938,
      "hyperparameters": {
        "C": 1.0,
        "class_weight": "balanced",
        "dual": false,
        "fit_intercept": true,
        "intercept_scaling": 1,
        "l1_ratio": null,
        "max_iter": 1000,
        "multi_class": "deprecated",
        "n_jobs": null,
        "penalty": "l2",
        "random_state": 42,
        "solver": "lbfgs",
        "tol": 0.0001,
        "verbose": 0,
        "warm_start": false
      }
    },
    {
      "model_name": "RandomForest",
      "val_auc": 0.7797393862967633,
      "val_f1": 0.6666666666666666,
      "val_accuracy": 0.72,
      "val_brier": 0.192380320003679,
      "train_auc": 0.999141092901249,
      "cv_auc_mean": 0.7820395123384254,
      "cv_auc_std": 0.035390539648104936,
      "training_time": 0.038761138916015625,
      "inference_time": 3.340005874633789e-05,
      "model_size_mb": 0.9662513732910156,
      "hyperparameters": {
        "bootstrap": true,
        "ccp_alpha": 0.0,
        "class_weight": "balanced",
        "criterion": "gini",
        "max_depth": null,
        "max_features": "sqrt",
        "max_leaf_nodes": null,
        "max_samples": null,
        "min_impurity_decrease": 0.0,
        "min_samples_leaf": 1,
        "min_samples_split": 2,
        "min_weight_fraction_leaf": 0.0,
        "monotonic_cst": null,
        "n_estimators": 100,
        "n_jobs": null,
        "oob_score": false,
        "random_state": 42,
        "verbose": 0,
        "warm_start": false
      }
    },
    {
      "model_name": "SGDClassifier",
      "val_auc": 0.6431273644388398,
      "val_f1": 0.6086956521739131,
      "val_accuracy": 0.64,
      "val_brier": 0.31458591216042925,
      "train_auc": 0.6799062166302985,
      "cv_auc_mean": 0.6857897299473386,
      "cv_auc_std": 0.07659915155785937,
      "training_time": 0.0031599998474121094,
      "inference_time": 1.4495849609375e-06,
      "model_size_mb": 0.0009546279907226562,
      "hyperparameters": {
        "alpha": 0.0001,
        "average": false,
        "class_weight": "balanced",
        "early_stopping": false,
        "epsilon": 0.1,
        "eta0": 0.0,
        "fit_intercept": true,
        "l1_ratio": 0.15,
        "learning_rate": "optimal",
        "loss": "log_loss",
        "max_iter": 1000,
        "n_iter_no_change": 5,
        "n_jobs": null,
        "penalty": "l2",
        "power_t": 0.5,
        "random_state": 42,
        "shuffle": true,
        "tol": 0.001,
        "validation_fraction": 0.1,
        "verbose": 0,
        "warm_start": false
      }
    },
    {
      "model_name": "XGBoost",
      "val_auc": 0.7852038671710803,
      "val_f1": 0.6746987951807228,
      "val_accuracy": 0.73,
      "val_brier": 0.22536311829116562,
      "train_auc": 0.9995125121871953,
      "cv_auc_mean": 0.7837677351264307,
      "cv_auc_std": 0.05118178095131656,
      "training_time": 0.09585094451904297,
      "inference_time": 8.978843688964843e-06,
      "model_size_mb": 0.14112377166748047,
      "hyperparameters": {
        "objective": "binary:logistic",
        "base_score": null,
        "booster": null,
        "callbacks": null,
        "colsample_bylevel": null,
        "colsample_bynode": null,
        "colsample_bytree": null,
        "device": null,
        "early_stopping_rounds": null,
        "enable_categorical": false,
        "eval_metric": "logloss",
        "feature_types": null,
        "feature_weights": null,
        "gamma": null,
        "grow_policy": null,
        "importance_type": null,
        "interaction_constraints": null,
        "learning_rate": null,
        "max_bin": null,
        "max_cat_threshold": null,
        "max_cat_to_onehot": null,
        "max_delta_step": null,
        "max_depth": null,
        "max_leaves": null,
        "min_child_weight": null,
        "missing": NaN,
        "monotone_constraints": null,
        "multi_strategy": null,
        "n_estimators": null,
        "n_jobs": null,
        "num_parallel_tree": null,
        "random_state": 42,
        "reg_alpha": null,
        "reg_lambda": null,
        "sampling_method": null,
        "scale_pos_weight": null,
        "subsample": null,
        "tree_method": null,
        "validate_parameters": null,
        "verbosity": null
      }
    },
    {
      "model_name": "LightGBM",
      "val_auc": 0.7746952501050862,
      "val_f1": 0.6428571428571429,
      "val_accuracy": 0.7,
      "val_brier": 0.20815131374876963,
      "train_auc": 0.998398254329356,
      "cv_auc_mean": 0.7726061659485571,
      "cv_auc_std": 0.040563454772260574,
      "training_time": 0.1431739330291748,
      "inference_time": 1.2881755828857422e-05,
      "model_size_mb": 0.14922523498535156,
      "hyperparameters": {
        "boosting_type": "gbdt",
        "class_weight": null,
        "colsample_bytree": 1.0,
        "importance_type": "split",
        "learning_rate": 0.1,
        "max_depth": -1,
        "min_child_samples": 20,
        "min_child_weight": 0.001,
        "min_split_gain": 0.0,
        "n_estimators": 100,
        "n_jobs": null,
        "num_leaves": 31,
        "objective": null,
        "random_state": 42,
        "reg_alpha": 0.0,
        "reg_lambda": 0.0,
        "subsample": 1.0,
        "subsample_for_bin": 200000,
        "subsample_freq": 0,
        "verbose": -1
      }
    },
    {
      "model_name": "MLP_PyTorch",
      "val_auc": 0.812526271542665,
      "val_f1": 0.64,
      "val_accuracy": 0.73,
      "val_brier": 0.16874973456874048,
      "train_auc": 0.8829797112215051,
      "cv_auc_mean": null,
      "cv_auc_std": null,
      "training_time": 0.5551111698150635,
      "inference_time": 0.00010612010955810547,
      "model_size_mb": 0.012210845947265625,
      "hyperparameters": {
        "hidden_dims": [
          64,
          32
        ],
        "dropout": 0.2,
        "lr": 0.001
      }
    }
  ]
}